﻿<?xml version="1.0" encoding="utf-8"?>
<buffs>
  <o id="0" en="KO" enl="KO'd" ja="戦闘不能" jal="戦闘不能" />
  <o id="1" en="weakness" enl="weakened" ja="衰弱" jal="衰弱" />
  <o id="2" en="sleep" enl="asleep" ja="睡眠" jal="睡眠" />
  <o id="3" en="poison" enl="poisoned" ja="毒" jal="毒" />
  <o id="4" en="paralysis" enl="paralyzed" ja="麻痺" jal="麻痺" />
  <o id="5" en="blindness" enl="blinded" ja="暗闇" jal="暗闇" />
  <o id="6" en="silence" enl="silenced" ja="静寂" jal="静寂" />
  <o id="7" en="petrification" enl="petrified" ja="石化" jal="石化" />
  <o id="8" en="disease" enl="diseased" ja="病気" jal="病気" />
  <o id="9" en="curse" enl="cursed" ja="呪い" jal="呪い" />
  <o id="10" en="stun" enl="stunned" ja="スタン" jal="スタン" />
  <o id="11" en="bind" enl="bound" ja="バインド" jal="バインド" />
  <o id="12" en="weight" enl="weighed down" ja="ヘヴィ" jal="ヘヴィ" />
  <o id="13" en="slow" enl="slowed" ja="スロウ" jal="スロウ" />
  <o id="14" en="charm" enl="charmed" ja="魅了" jal="魅了" />
  <o id="15" en="doom" enl="doomed" ja="死の宣告" jal="死の宣告" />
  <o id="16" en="amnesia" enl="amnesic" ja="アムネジア" jal="アムネジア" />
  <o id="17" en="charm" enl="charmed" ja="魅了" jal="魅了" />
  <o id="18" en="gradual petrification" enl="gradually petrifying" ja="徐々に石化" jal="徐々に石化" />
  <o id="19" en="sleep" enl="asleep" ja="睡眠" jal="睡眠" />
  <o id="20" en="curse" enl="cursed" ja="呪い" jal="呪い" />
  <o id="21" en="addle" enl="addled" ja="アドル" jal="アドル" />
  <o id="22" en="intimidate" enl="intimidated" ja="ひるみ" jal="ひるみ" />
  <o id="23" en="Kaustra" enl="afflicted with Kaustra" ja="メルトン" jal="メルトン" />
  <o id="24" en="ST24" enl="ST24" ja="ＳＴ２４" jal="ＳＴ２４" />
  <o id="25" en="ST25" enl="ST25" ja="ＳＴ２５" jal="ＳＴ２５" />
  <o id="26" en="ST26" enl="ST26" ja="ＳＴ２６" jal="ＳＴ２６" />
  <o id="27" en="ST27" enl="ST27" ja="ＳＴ２７" jal="ＳＴ２７" />
  <o id="28" en="terror" enl="terrorized" ja="テラー" jal="テラー" />
  <o id="29" en="mute" enl="muted" ja="沈黙" jal="沈黙" />
  <o id="30" en="bane" enl="baned" ja="呪詛" jal="呪詛" />
  <o id="31" en="plague" enl="plagued" ja="悪疫" jal="悪疫" />
  <o id="32" en="Flee" enl="fleeing" ja="とんずら" jal="とんずら" />
  <o id="33" en="Haste" enl="hastened" ja="ヘイスト" jal="ヘイスト" />
  <o id="34" en="Blaze Spikes" enl="Blaze Spikes" ja="ブレイズスパイク" jal="ブレイズスパイク" />
  <o id="35" en="Ice Spikes" enl="Ice Spikes" ja="アイススパイク" jal="アイススパイク" />
  <o id="36" en="Blink" enl="Blink" ja="ブリンク" jal="ブリンク" />
  <o id="37" en="Stoneskin" enl="Stoneskin" ja="ストンスキン" jal="ストンスキン" />
  <o id="38" en="Shock Spikes" enl="Shock Spikes" ja="ショックスパイク" jal="ショックスパイク" />
  <o id="39" en="Aquaveil" enl="Aquaveil" ja="アクアベール" jal="アクアベール" />
  <o id="40" en="Protect" enl="Protect" ja="プロテス" jal="プロテス" />
  <o id="41" en="Shell" enl="Shell" ja="シェル" jal="シェル" />
  <o id="42" en="Regen" enl="regenerating" ja="リジェネ" jal="リジェネ" />
  <o id="43" en="Refresh" enl="refreshing" ja="リフレシュ" jal="リフレシュ" />
  <o id="44" en="Mighty Strikes" enl="Mighty Strikes" ja="マイティストライク" jal="マイティストライク" />
  <o id="45" en="Boost" enl="Boost" ja="ためる" jal="ためる" />
  <o id="46" en="Hundred Fists" enl="Hundred Fists" ja="百烈拳" jal="百烈拳" />
  <o id="47" en="Manafont" enl="Manafont" ja="魔力の泉" jal="魔力の泉" />
  <o id="48" en="Chainspell" enl="Chainspell" ja="連続魔" jal="連続魔" />
  <o id="49" en="Perfect Dodge" enl="Perfect Dodge" ja="絶対回避" jal="絶対回避" />
  <o id="50" en="Invincible" enl="Invincible" ja="インビンシブル" jal="インビンシブル" />
  <o id="51" en="Blood Weapon" enl="Blood Weapon" ja="ブラッドウェポン" jal="ブラッドウェポン" />
  <o id="52" en="Soul Voice" enl="Soul Voice" ja="ソウルボイス" jal="ソウルボイス" />
  <o id="53" en="Eagle Eye Shot" enl="Eagle Eye Shot" ja="イーグルアイ" jal="イーグルアイ" />
  <o id="54" en="Meikyo Shisui" enl="Meikyo Shisui" ja="明鏡止水" jal="明鏡止水" />
  <o id="55" en="Astral Flow" enl="Astral Flow" ja="アストラルフロウ" jal="アストラルフロウ" />
  <o id="56" en="Berserk" enl="Berserk" ja="バーサク" jal="バーサク" />
  <o id="57" en="Defender" enl="Defender" ja="ディフェンダー" jal="ディフェンダー" />
  <o id="58" en="Aggressor" enl="Aggressor" ja="アグレッサー" jal="アグレッサー" />
  <o id="59" en="Focus" enl="Focus" ja="集中" jal="集中" />
  <o id="60" en="Dodge" enl="Dodge" ja="回避" jal="回避" />
  <o id="61" en="Counterstance" enl="Counterstance" ja="かまえる" jal="かまえる" />
  <o id="62" en="Sentinel" enl="Sentinel" ja="センチネル" jal="センチネル" />
  <o id="63" en="Souleater" enl="Souleater" ja="暗黒" jal="暗黒" />
  <o id="64" en="Last Resort" enl="Last Resort" ja="ラストリゾート" jal="ラストリゾート" />
  <o id="65" en="Sneak Attack" enl="Sneak Attack" ja="不意打ち" jal="不意打ち" />
  <o id="66" en="Copy Image" enl="Copy Image" ja="分身" jal="分身" />
  <o id="67" en="Third Eye" enl="Third Eye" ja="心眼" jal="心眼" />
  <o id="68" en="Warcry" enl="Warcry" ja="ウォークライ" jal="ウォークライ" />
  <o id="69" en="Invisible" enl="Invisible" ja="インビジ" jal="インビジ" />
  <o id="70" en="Deodorize" enl="Deodorize" ja="デオード" jal="デオード" />
  <o id="71" en="Sneak" enl="Sneak" ja="スニーク" jal="スニーク" />
  <o id="72" en="Sharpshot" enl="Sharpshot" ja="狙い撃ち" jal="狙い撃ち" />
  <o id="73" en="Barrage" enl="Barrage" ja="乱れ撃ち" jal="乱れ撃ち" />
  <o id="74" en="Holy Circle" enl="Holy Circle" ja="ホーリーサークル" jal="ホーリーサークル" />
  <o id="75" en="Arcane Circle" enl="Arcane Circle" ja="アルケインサークル" jal="アルケインサークル" />
  <o id="76" en="Hide" enl="hiding" ja="かくれる" jal="かくれる" />
  <o id="77" en="Camouflage" enl="camouflaged" ja="カモフラージュ" jal="カモフラージュ" />
  <o id="78" en="Divine Seal" enl="Divine Seal" ja="女神の印" jal="女神の印" />
  <o id="79" en="Elemental Seal" enl="Elemental Seal" ja="精霊の印" jal="精霊の印" />
  <o id="80" en="STR Boost" enl="STR-boosted" ja="STRアップ" jal="STRアップ" />
  <o id="81" en="DEX Boost" enl="DEX-boosted" ja="DEXアップ" jal="DEXアップ" />
  <o id="82" en="VIT Boost" enl="VIT-boosted" ja="VITアップ" jal="VITアップ" />
  <o id="83" en="AGI Boost" enl="AGI-boosted" ja="AGIアップ" jal="AGIアップ" />
  <o id="84" en="INT Boost" enl="INT-boosted" ja="INTアップ" jal="INTアップ" />
  <o id="85" en="MND Boost" enl="MND-boosted" ja="MNDアップ" jal="MNDアップ" />
  <o id="86" en="CHR Boost" enl="CHR-boosted" ja="CHRアップ" jal="CHRアップ" />
  <o id="87" en="Trick Attack" enl="Trick Attack" ja="だまし討ち" jal="だまし討ち" />
  <o id="88" en="Max HP Boost" enl="Max HP-boosted" ja="HPmaxアップ" jal="HPmaxアップ" />
  <o id="89" en="Max MP Boost" enl="Max MP-boosted" ja="MPmaxアップ" jal="MPmaxアップ" />
  <o id="90" en="Accuracy Boost" enl="accuracy-boosted" ja="命中率アップ" jal="命中率アップ" />
  <o id="91" en="Attack Boost" enl="attack-boosted" ja="攻撃力アップ" jal="攻撃力アップ" />
  <o id="92" en="Evasion Boost" enl="evasion-boosted" ja="回避率アップ" jal="回避率アップ" />
  <o id="93" en="Defense Boost" enl="defense-boosted" ja="防御力アップ" jal="防御力アップ" />
  <o id="94" en="Enfire" enl="Enfire" ja="エンファイア" jal="エンファイア" />
  <o id="95" en="Enblizzard" enl="Enblizzard" ja="エンブリザド" jal="エンブリザド" />
  <o id="96" en="Enaero" enl="Enaero" ja="エンエアロ" jal="エンエアロ" />
  <o id="97" en="Enstone" enl="Enstone" ja="エンストーン" jal="エンストーン" />
  <o id="98" en="Enthunder" enl="Enthunder" ja="エンサンダー" jal="エンサンダー" />
  <o id="99" en="Enwater" enl="Enwater" ja="エンウォータ" jal="エンウォータ" />
  <o id="100" en="Barfire" enl="Barfire" ja="バファイ" jal="バファイ" />
  <o id="101" en="Barblizzard" enl="Barblizzard" ja="バブリザ" jal="バブリザ" />
  <o id="102" en="Baraero" enl="Baraero" ja="バエアロ" jal="バエアロ" />
  <o id="103" en="Barstone" enl="Barstone" ja="バストン" jal="バストン" />
  <o id="104" en="Barthunder" enl="Barthunder" ja="バサンダ" jal="バサンダ" />
  <o id="105" en="Barwater" enl="Barwater" ja="バウォタ" jal="バウォタ" />
  <o id="106" en="Barsleep" enl="Barsleep" ja="バスリプル" jal="バスリプル" />
  <o id="107" en="Barpoison" enl="Barpoison" ja="バポイズン" jal="バポイズン" />
  <o id="108" en="Barparalyze" enl="Barparalyze" ja="バパライズ" jal="バパライズ" />
  <o id="109" en="Barblind" enl="Barblind" ja="バブライン" jal="バブライン" />
  <o id="110" en="Barsilence" enl="Barsilence" ja="バサイレス" jal="バサイレス" />
  <o id="111" en="Barpetrify" enl="Barpetrify" ja="バブレイク" jal="バブレイク" />
  <o id="112" en="Barvirus" enl="Barvirus" ja="バウィルス" jal="バウィルス" />
  <o id="113" en="Reraise" enl="Reraise" ja="リレイズ" jal="リレイズ" />
  <o id="114" en="Cover" enl="Cover" ja="かばう" jal="かばう" />
  <o id="115" en="Unlimited Shot" enl="Unlimited Shot" ja="エンドレスショット" jal="エンドレスショット" />
  <o id="116" en="Phalanx" enl="Phalanx" ja="ファランクス" jal="ファランクス" />
  <o id="117" en="Warding Circle" enl="Warding Circle" ja="護摩の守護円" jal="護摩の守護円" />
  <o id="118" en="Ancient Circle" enl="Ancient Circle" ja="エンシェントサークル" jal="エンシェントサークル" />
  <o id="119" en="STR Boost" enl="STR-boosted" ja="STRアップ" jal="STRアップ" />
  <o id="120" en="DEX Boost" enl="DEX-boosted" ja="DEXアップ" jal="DEXアップ" />
  <o id="121" en="VIT Boost" enl="VIT-boosted" ja="VITアップ" jal="VITアップ" />
  <o id="122" en="AGI Boost" enl="AGI-boosted" ja="AGIアップ" jal="AGIアップ" />
  <o id="123" en="INT Boost" enl="INT-boosted" ja="INTアップ" jal="INTアップ" />
  <o id="124" en="MND Boost" enl="MND-boosted" ja="MNDアップ" jal="MNDアップ" />
  <o id="125" en="CHR Boost" enl="CHR-boosted" ja="CHRアップ" jal="CHRアップ" />
  <o id="126" en="Spirit Surge" enl="Spirit Surge" ja="竜剣" jal="竜剣" />
  <o id="127" en="Costume" enl="Costume" ja="コスチューム" jal="コスチューム" />
  <o id="128" en="Burn" enl="afflicted with Burn" ja="バーン" jal="バーン" />
  <o id="129" en="Frost" enl="afflicted with Frost" ja="フロスト" jal="フロスト" />
  <o id="130" en="Choke" enl="afflicted with Choke" ja="チョーク" jal="チョーク" />
  <o id="131" en="Rasp" enl="afflicted with Rasp" ja="ラスプ" jal="ラスプ" />
  <o id="132" en="Shock" enl="afflicted with Shock" ja="ショック" jal="ショック" />
  <o id="133" en="Drown" enl="afflicted with Drown" ja="ドラウン" jal="ドラウン" />
  <o id="134" en="Dia" enl="afflicted with Dia" ja="ディア" jal="ディア" />
  <o id="135" en="Bio" enl="afflicted with Bio" ja="バイオ" jal="バイオ" />
  <o id="136" en="STR Down" enl="afflicted with STR Down" ja="STRダウン" jal="STRダウン" />
  <o id="137" en="DEX Down" enl="afflicted with DEX Down" ja="DEXダウン" jal="DEXダウン" />
  <o id="138" en="VIT Down" enl="afflicted with VIT Down" ja="VITダウン" jal="VITダウン" />
  <o id="139" en="AGI Down" enl="afflicted with AGI Down" ja="AGIダウン" jal="AGIダウン" />
  <o id="140" en="INT Down" enl="afflicted with INT Down" ja="INTダウン" jal="INTダウン" />
  <o id="141" en="MND Down" enl="afflicted with MND Down" ja="MNDダウン" jal="MNDダウン" />
  <o id="142" en="CHR Down" enl="afflicted with CHR Down" ja="CHRダウン" jal="CHRダウン" />
  <o id="143" en="Level Restriction" enl="level-restricted" ja="レベル制限" jal="レベル制限" />
  <o id="144" en="Max HP Down" enl="afflicted with Max HP Down" ja="HPmaxダウン" jal="HPmaxダウン" />
  <o id="145" en="Max MP Down" enl="afflicted with Max MP Down" ja="MPmaxダウン" jal="MPmaxダウン" />
  <o id="146" en="Accuracy Down" enl="afflicted with Accuracy Down" ja="命中率ダウン" jal="命中率ダウン" />
  <o id="147" en="Attack Down" enl="afflicted with Attack Down" ja="攻撃力ダウン" jal="攻撃力ダウン" />
  <o id="148" en="Evasion Down" enl="afflicted with Evasion Down" ja="回避率ダウン" jal="回避率ダウン" />
  <o id="149" en="Defense Down" enl="afflicted with Defense Down" ja="防御力ダウン" jal="防御力ダウン" />
  <o id="150" en="Physical Shield" enl="Physical Shield" ja="物理バリア" jal="物理バリア" />
  <o id="151" en="Arrow Shield" enl="Arrow Shield" ja="遠隔物理バリア" jal="遠隔物理バリア" />
  <o id="152" en="Magic Shield" enl="Magic Shield" ja="魔法バリア" jal="魔法バリア" />
  <o id="153" en="Damage Spikes" enl="Damage Spikes" ja="ダメージスパイク" jal="ダメージスパイク" />
  <o id="154" en="Shining Ruby" enl="Shining Ruby" ja="ルビーの輝き" jal="ルビーの輝き" />
  <o id="155" en="medicine" enl="medicated" ja="服薬中" jal="服薬中" />
  <o id="156" en="Flash" enl="afflicted with Flash" ja="フラッシュ" jal="フラッシュ" />
  <o id="157" en="SJ Restriction" enl="SJ Restriction" ja="サポートジョブ無効" jal="サポートジョブ無効" />
  <o id="158" en="Provoke" enl="provoked" ja="挑発" jal="挑発" />
  <o id="159" en="penalty" enl="penalized" ja="ペナルティ" jal="ペナルティ" />
  <o id="160" en="preparations" enl="preparing for battle" ja="試合復帰準備中" jal="試合復帰準備中" />
  <o id="161" en="Sprint" enl="Sprint" ja="スプリント" jal="スプリント" />
  <o id="162" en="enchantment" enl="enchanted" ja="エンチャント" jal="エンチャント" />
  <o id="163" en="Azure Lore" enl="Azure Lore" ja="アジュールロー" jal="アジュールロー" />
  <o id="164" en="Chain Affinity" enl="Chain Affinity" ja="ブルーチェーン" jal="ブルーチェーン" />
  <o id="165" en="Burst Affinity" enl="Burst Affinity" ja="ブルーバースト" jal="ブルーバースト" />
  <o id="166" en="Overdrive" enl="Overdrive" ja="オーバードライヴ" jal="オーバードライヴ" />
  <o id="167" en="Magic Def. Down" enl="Magic Def. Down" ja="魔法防御力ダウン" jal="魔法防御力ダウン" />
  <o id="168" en="Inhibit TP" enl="TP-inhibited" ja="インヒビットTP" jal="インヒビットTP" />
  <o id="169" en="Potency" enl="Potency" ja="ポテンシー" jal="ポテンシー" />
  <o id="170" en="Regain" enl="Regain" ja="リゲイン" jal="リゲイン" />
  <o id="171" en="Pax" enl="Pax" ja="パクス" jal="パクス" />
  <o id="172" en="Intension" enl="Intension" ja="インテンション" jal="インテンション" />
  <o id="173" en="Dread Spikes" enl="Dread Spikes" ja="ドレッドスパイク" jal="ドレッドスパイク" />
  <o id="174" en="Magic Acc. Down" enl="Magic Acc. Down" ja="魔法命中率ダウン" jal="魔法命中率ダウン" />
  <o id="175" en="Magic Atk. Down" enl="Magic Atk. Down" ja="魔法攻撃力ダウン" jal="魔法攻撃力ダウン" />
  <o id="176" en="quickening" enl="quickened" ja="移動速度アップ" jal="移動速度アップ" />
  <o id="177" en="encumbrance" enl="encumbered" ja="装備変更不可" jal="装備変更不可" />
  <o id="178" en="Firestorm" enl="Firestorm" ja="熱波の陣" jal="熱波の陣" />
  <o id="179" en="Hailstorm" enl="Hailstorm" ja="吹雪の陣" jal="吹雪の陣" />
  <o id="180" en="Windstorm" enl="Windstorm" ja="烈風の陣" jal="烈風の陣" />
  <o id="181" en="Sandstorm" enl="Sandstorm" ja="砂塵の陣" jal="砂塵の陣" />
  <o id="182" en="Thunderstorm" enl="Thunderstorm" ja="疾雷の陣" jal="疾雷の陣" />
  <o id="183" en="Rainstorm" enl="Rainstorm" ja="豪雨の陣" jal="豪雨の陣" />
  <o id="184" en="Aurorastorm" enl="Aurorastorm" ja="極光の陣" jal="極光の陣" />
  <o id="185" en="Voidstorm" enl="Voidstorm" ja="妖霧の陣" jal="妖霧の陣" />
  <o id="186" en="Helix" enl="Helix" ja="計略" jal="計略" />
  <o id="187" en="Sublimation: Activated" enl="Sublimation: Activated" ja="机上演習:蓄積中" jal="机上演習:蓄積中" />
  <o id="188" en="Sublimation: Complete" enl="Sublimation: Complete" ja="机上演習:蓄積完了" jal="机上演習:蓄積完了" />
  <o id="189" en="Max TP Down" enl="Max TP Down" ja="TPmaxダウン" jal="TPmaxダウン" />
  <o id="190" en="Magic Atk. Boost" enl="Magic Atk. Boost" ja="魔法攻撃力アップ" jal="魔法攻撃力アップ" />
  <o id="191" en="Magic Def. Boost" enl="Magic Def. Boost" ja="魔法防御力アップ" jal="魔法防御力アップ" />
  <o id="192" en="Requiem" enl="Requiem" ja="レクイエム" jal="レクイエム" />
  <o id="193" en="Lullaby" enl="Lullaby" ja="ララバイ" jal="ララバイ" />
  <o id="194" en="Elegy" enl="Elegy" ja="エレジー" jal="エレジー" />
  <o id="195" en="Paeon" enl="Paeon" ja="ピーアン" jal="ピーアン" />
  <o id="196" en="Ballad" enl="Ballad" ja="バラード" jal="バラード" />
  <o id="197" en="Minne" enl="Minne" ja="ミンネ" jal="ミンネ" />
  <o id="198" en="Minuet" enl="Minuet" ja="メヌエット" jal="メヌエット" />
  <o id="199" en="Madrigal" enl="Madrigal" ja="マドリガル" jal="マドリガル" />
  <o id="200" en="Prelude" enl="Prelude" ja="プレリュード" jal="プレリュード" />
  <o id="201" en="Mambo" enl="Mambo" ja="マンボ" jal="マンボ" />
  <o id="202" en="Aubade" enl="Aubade" ja="オーバード" jal="オーバード" />
  <o id="203" en="Pastoral" enl="Pastoral" ja="パストラル" jal="パストラル" />
  <o id="204" en="Hum" enl="Hum" ja="ハミング" jal="ハミング" />
  <o id="205" en="Fantasia" enl="Fantasia" ja="ファンタジア" jal="ファンタジア" />
  <o id="206" en="Operetta" enl="Operetta" ja="オペレッタ" jal="オペレッタ" />
  <o id="207" en="Capriccio" enl="Capriccio" ja="カプリチオ" jal="カプリチオ" />
  <o id="208" en="Serenade" enl="Serenade" ja="セレナーデ" jal="セレナーデ" />
  <o id="209" en="Round" enl="Round" ja="ロンド" jal="ロンド" />
  <o id="210" en="Gavotte" enl="Gavotte" ja="ガボット" jal="ガボット" />
  <o id="211" en="Fugue" enl="Fugue" ja="フーガ" jal="フーガ" />
  <o id="212" en="Rhapsody" enl="Rhapsody" ja="ラプソディ" jal="ラプソディ" />
  <o id="213" en="Aria" enl="Aria" ja="アリア" jal="アリア" />
  <o id="214" en="March" enl="March" ja="マーチ" jal="マーチ" />
  <o id="215" en="Etude" enl="Etude" ja="エチュード" jal="エチュード" />
  <o id="216" en="Carol" enl="Carol" ja="カロル" jal="カロル" />
  <o id="217" en="Threnody" enl="Threnody" ja="スレノディ" jal="スレノディ" />
  <o id="218" en="Hymnus" enl="Hymnus" ja="ヒムヌス" jal="ヒムヌス" />
  <o id="219" en="Mazurka" enl="Mazurka" ja="マズルカ" jal="マズルカ" />
  <o id="220" en="Sirvente" enl="Sirvente" ja="シルベント" jal="シルベント" />
  <o id="221" en="Dirge" enl="Dirge" ja="ダージュ" jal="ダージュ" />
  <o id="222" en="Scherzo" enl="Scherzo" ja="スケルツォ" jal="スケルツォ" />
  <o id="223" en="Nocturne" enl="Nocturne" ja="ノクターン" jal="ノクターン" />
  <o id="224" en="ST224" enl="ST224" ja="ＳＴ２２４" jal="ＳＴ２２４" />
  <o id="225" en="ST225" enl="ST225" ja="ＳＴ２２５" jal="ＳＴ２２５" />
  <o id="226" en="ST226" enl="ST226" ja="ＳＴ２２６" jal="ＳＴ２２６" />
  <o id="227" en="Store TP" enl="Store TP" ja="ストアTP" jal="ストアTP" />
  <o id="228" en="Embrava" enl="Embrava" ja="オーラ" jal="オーラ" />
  <o id="229" en="Manawell" enl="Manawell" ja="魔力の雫" jal="魔力の雫" />
  <o id="230" en="Spontaneity" enl="Spontaneity" ja="クイックマジック" jal="クイックマジック" />
  <o id="231" en="Marcato" enl="Marcato" ja="マルカート" jal="マルカート" />
  <o id="232" en="(N/A)" enl="(N/A)" ja="（未使用）" jal="（未使用）" />
  <o id="233" en="Auto-Regen" enl="Auto-Regen" ja="オートリジェネ" jal="オートリジェネ" />
  <o id="234" en="Auto-Refresh" enl="Auto-Refresh" ja="オートリフレシュ" jal="オートリフレシュ" />
  <o id="235" en="Fishing Imagery" enl="Fishing Imagery" ja="釣りイメージ" jal="釣りイメージ" />
  <o id="236" en="Woodworking Imagery" enl="Woodworking Imagery" ja="木工イメージ" jal="木工イメージ" />
  <o id="237" en="Smithing Imagery" enl="Smithing Imagery" ja="鍛冶イメージ" jal="鍛冶イメージ" />
  <o id="238" en="Goldsmithing Imagery" enl="Goldsmithing Imagery" ja="彫金イメージ" jal="彫金イメージ" />
  <o id="239" en="Clothcraft Imagery" enl="Clothcraft Imagery" ja="裁縫イメージ" jal="裁縫イメージ" />
  <o id="240" en="Leathercraft Imagery" enl="Leathercraft Imagery" ja="革細工イメージ" jal="革細工イメージ" />
  <o id="241" en="Bonecraft Imagery" enl="Bonecraft Imagery" ja="骨細工イメージ" jal="骨細工イメージ" />
  <o id="242" en="Alchemy Imagery" enl="Alchemy Imagery" ja="錬金術イメージ" jal="錬金術イメージ" />
  <o id="243" en="Cooking Imagery" enl="Cooking Imagery" ja="調理イメージ" jal="調理イメージ" />
  <o id="249" en="Dedication" enl="Dedication" ja="専心" jal="専心" />
  <o id="250" en="EF Badge" enl="EF Badge" ja="遠征軍参加資格" jal="遠征軍参加資格" />
  <o id="251" en="Food" enl="Food" ja="食事" jal="食事" />
  <o id="252" en="Mounted" enl="Mounted" ja="マウント" jal="マウント" />
  <o id="253" en="Signet" enl="Signet" ja="シグネット" jal="シグネット" />
  <o id="254" en="Battlefield" enl="Battlefield" ja="バトルフィールド" jal="バトルフィールド" />
  <o id="256" en="Sanction" enl="Sanction" ja="サンクション" jal="サンクション" />
  <o id="257" en="Besieged" enl="Besieged" ja="ビシージド" jal="ビシージド" />
  <o id="258" en="Illusion" enl="Illusion" ja="イリュージョン" jal="イリュージョン" />
  <o id="259" en="encumbrance" enl="encumbered" ja="エンカンバー" jal="エンカンバー" />
  <o id="260" en="Obliviscence" enl="Obliviscence" ja="オブリビセンス" jal="オブリビセンス" />
  <o id="261" en="impairment" enl="impaired" ja="インペア" jal="インペア" />
  <o id="262" en="Omerta" enl="Omerta" ja="オメルタ" jal="オメルタ" />
  <o id="263" en="debilitation" enl="debilitated" ja="デビリテート" jal="デビリテート" />
  <o id="264" en="Pathos" enl="Pathos" ja="パトス" jal="パトス" />
  <o id="265" en="Flurry" enl="Flurry" ja="フラーリー" jal="フラーリー" />
  <o id="266" en="Concentration" enl="Concentration" ja="コンセントレーション" jal="コンセントレーション" />
  <o id="267" en="Allied Tags" enl="Allied Tags" ja="アライドタグ" jal="アライドタグ" />
  <o id="268" en="Sigil" enl="Sigil" ja="シギル" jal="シギル" />
  <o id="269" en="Level Sync" enl="Level Sync" ja="レベルシンク" jal="レベルシンク" />
  <o id="270" en="Aftermath: Lv.1" enl="Aftermath: Lv.1" ja="アフターマス:Lv1" jal="アフターマス:Lv1" />
  <o id="271" en="Aftermath: Lv.2" enl="Aftermath: Lv.2" ja="アフターマス:Lv2" jal="アフターマス:Lv2" />
  <o id="272" en="Aftermath: Lv.3" enl="Aftermath: Lv.3" ja="アフターマス:Lv3" jal="アフターマス:Lv3" />
  <o id="273" en="Aftermath" enl="Aftermath" ja="アフターマス" jal="アフターマス" />
  <o id="274" en="Enlight" enl="Enlight" ja="エンライト" jal="エンライト" />
  <o id="275" en="Auspice" enl="Auspice" ja="オースピス" jal="オースピス" />
  <o id="276" en="Confrontation" enl="Confrontation" ja="コンフロント" jal="コンフロント" />
  <o id="277" en="Enfire II" enl="Enfire II" ja="エンファイアII" jal="エンファイアII" />
  <o id="278" en="Enblizzard II" enl="Enblizzard II" ja="エンブリザドII" jal="エンブリザドII" />
  <o id="279" en="Enaero II" enl="Enaero II" ja="エンエアロII" jal="エンエアロII" />
  <o id="280" en="Enstone II" enl="Enstone II" ja="エンストーンII" jal="エンストーンII" />
  <o id="281" en="Enthunder II" enl="Enthunder II" ja="エンサンダーII" jal="エンサンダーII" />
  <o id="282" en="Enwater II" enl="Enwater II" ja="エンウォータII" jal="エンウォータII" />
  <o id="283" en="Perfect Defense" enl="Perfect Defense" ja="絶対防御" jal="絶対防御" />
  <o id="284" en="Egg" enl="Egg" ja="タマゴ" jal="タマゴ" />
  <o id="285" en="Visitant" enl="Visitant" ja="ビジタント" jal="ビジタント" />
  <o id="286" en="Baramnesia" enl="Baramnesia" ja="バアムネジア" jal="バアムネジア" />
  <o id="287" en="Atma" enl="Atma" ja="アートマ" jal="アートマ" />
  <o id="288" en="Endark" enl="Endark" ja="エンダーク" jal="エンダーク" />
  <o id="289" en="Enmity Boost" enl="Enmity Boost" ja="敵対心アップ" jal="敵対心アップ" />
  <o id="290" en="Subtle Blow Plus" enl="Subtle Blow Plus" ja="モクシャアップ" jal="モクシャアップ" />
  <o id="291" en="Enmity Down" enl="Enmity Down" ja="敵対心ダウン" jal="敵対心ダウン" />
  <o id="292" en="Pennant" enl="Pennant" ja="ペナント" jal="ペナント" />
  <o id="293" en="Negate Petrify" enl="Negate Petrify" ja="ネゲートペトリ" jal="ネゲートペトリ" />
  <o id="294" en="Negate Terror" enl="Negate Terror" ja="ネゲートテラー" jal="ネゲートテラー" />
  <o id="295" en="Negate Amnesia" enl="Negate Amnesia" ja="ネゲートアムネジア" jal="ネゲートアムネジア" />
  <o id="296" en="Negate Doom" enl="Negate Doom" ja="ネゲートドゥーム" jal="ネゲートドゥーム" />
  <o id="297" en="Negate Poison" enl="Negate Poison" ja="ネゲートポイズン" jal="ネゲートポイズン" />
  <o id="298" en="critical hit evasion down" enl="critical hit evasion down" ja="被クリティカルヒット率アップ" jal="被クリティカルヒット率アップ" />
  <o id="299" en="Overload" enl="overloaded" ja="オーバーロード" jal="オーバーロード" />
  <o id="300" en="Fire Maneuver" enl="Fire Maneuver" ja="ファイアマニューバ" jal="ファイアマニューバ" />
  <o id="301" en="Ice Maneuver" enl="Ice Maneuver" ja="アイスマニューバ" jal="アイスマニューバ" />
  <o id="302" en="Wind Maneuver" enl="Wind Maneuver" ja="ウィンドマニューバ" jal="ウィンドマニューバ" />
  <o id="303" en="Earth Maneuver" enl="Earth Maneuver" ja="アースマニューバ" jal="アースマニューバ" />
  <o id="304" en="Thunder Maneuver" enl="Thunder Maneuver" ja="サンダーマニューバ" jal="サンダーマニューバ" />
  <o id="305" en="Water Maneuver" enl="Water Maneuver" ja="ウォータマニューバ" jal="ウォータマニューバ" />
  <o id="306" en="Light Maneuver" enl="Light Maneuver" ja="ライトマニューバ" jal="ライトマニューバ" />
  <o id="307" en="Dark Maneuver" enl="Dark Maneuver" ja="ダークマニューバ" jal="ダークマニューバ" />
  <o id="308" en="Double-Up Chance" enl="Double-Up Chance" ja="ダブルアップチャンス" jal="ダブルアップチャンス" />
  <o id="309" en="Bust" enl="Bust" ja="バスト" jal="バスト" />
  <o id="310" en="Fighter's Roll" enl="Fighter's Roll" ja="ファイターズロール" jal="ファイターズロール" />
  <o id="311" en="Monk's Roll" enl="Monk's Roll" ja="モンクスロール" jal="モンクスロール" />
  <o id="312" en="Healer's Roll" enl="Healer's Roll" ja="ヒーラーズロール" jal="ヒーラーズロール" />
  <o id="313" en="Wizard's Roll" enl="Wizard's Roll" ja="ウィザーズロール" jal="ウィザーズロール" />
  <o id="314" en="Warlock's Roll" enl="Warlock's Roll" ja="ワーロックスロール" jal="ワーロックスロール" />
  <o id="315" en="Rogue's Roll" enl="Rogue's Roll" ja="ローグズロール" jal="ローグズロール" />
  <o id="316" en="Gallant's Roll" enl="Gallant's Roll" ja="ガランツロール" jal="ガランツロール" />
  <o id="317" en="Chaos Roll" enl="Chaos Roll" ja="カオスロール" jal="カオスロール" />
  <o id="318" en="Beast Roll" enl="Beast Roll" ja="ビーストロール" jal="ビーストロール" />
  <o id="319" en="Choral Roll" enl="Choral Roll" ja="コーラルロール" jal="コーラルロール" />
  <o id="320" en="Hunter's Roll" enl="Hunter's Roll" ja="ハンターズロール" jal="ハンターズロール" />
  <o id="321" en="Samurai Roll" enl="Samurai Roll" ja="サムライロール" jal="サムライロール" />
  <o id="322" en="Ninja Roll" enl="Ninja Roll" ja="ニンジャロール" jal="ニンジャロール" />
  <o id="323" en="Drachen Roll" enl="Drachen Roll" ja="ドラケンロール" jal="ドラケンロール" />
  <o id="324" en="Evoker's Roll" enl="Evoker's Roll" ja="エボカーズロール" jal="エボカーズロール" />
  <o id="325" en="Magus's Roll" enl="Magus's Roll" ja="メガスズロール" jal="メガスズロール" />
  <o id="326" en="Corsair's Roll" enl="Corsair's Roll" ja="コルセアズロール" jal="コルセアズロール" />
  <o id="327" en="Puppet Roll" enl="Puppet Roll" ja="パペットロール" jal="パペットロール" />
  <o id="328" en="Dancer's Roll" enl="Dancer's Roll" ja="ダンサーロール" jal="ダンサーロール" />
  <o id="329" en="Scholar's Roll" enl="Scholar's Roll" ja="スカラーロール" jal="スカラーロール" />
  <o id="330" en="Bolter's Roll" enl="Bolter's Roll" ja="ボルターズロール" jal="ボルターズロール" />
  <o id="331" en="Caster's Roll" enl="Caster's Roll" ja="キャスターズロール" jal="キャスターズロール" />
  <o id="332" en="Courser's Roll" enl="Courser's Roll" ja="コアサーズロール" jal="コアサーズロール" />
  <o id="333" en="Blitzer's Roll" enl="Blitzer's Roll" ja="ブリッツァロール" jal="ブリッツァロール" />
  <o id="334" en="Tactician's Roll" enl="Tactician's Roll" ja="タクティックロール" jal="タクティックロール" />
  <o id="335" en="Allies' Roll" enl="Allies' Roll" ja="アライズロール" jal="アライズロール" />
  <o id="336" en="Miser's Roll" enl="Miser's Roll" ja="マイザーロール" jal="マイザーロール" />
  <o id="337" en="Companion's Roll" enl="Companion's Roll" ja="コンパニオンロール" jal="コンパニオンロール" />
  <o id="338" en="Avenger's Roll" enl="Avenger's Roll" ja="カウンターロール" jal="カウンターロール" />
  <o id="339" en="Naturalist's Roll" enl="Naturalist's Roll" ja="ナチュラリストロール" jal="ナチュラリストロール" />
  <o id="340" en="Warrior's Charge" enl="Warrior's Charge" ja="ウォリアーチャージ" jal="ウォリアーチャージ" />
  <o id="341" en="Formless Strikes" enl="Formless Strikes" ja="無想無念" jal="無想無念" />
  <o id="342" en="Assassin's Charge" enl="Assassin's Charge" ja="アサシンチャージ" jal="アサシンチャージ" />
  <o id="343" en="Feint" enl="Feint" ja="フェイント" jal="フェイント" />
  <o id="344" en="Fealty" enl="Fealty" ja="フィールティ" jal="フィールティ" />
  <o id="345" en="Dark Seal" enl="Dark Seal" ja="ダークシール" jal="ダークシール" />
  <o id="346" en="Diabolic Eye" enl="Diabolic Eye" ja="ディアボリクアイ" jal="ディアボリクアイ" />
  <o id="347" en="Nightingale" enl="Nightingale" ja="ナイチンゲール" jal="ナイチンゲール" />
  <o id="348" en="Troubadour" enl="Troubadour" ja="トルバドゥール" jal="トルバドゥール" />
  <o id="349" en="Killer Instinct" enl="Killer Instinct" ja="K.インスティンクト" jal="K.インスティンクト" />
  <o id="350" en="Stealth Shot" enl="Stealth Shot" ja="ステルスショット" jal="ステルスショット" />
  <o id="351" en="Flashy Shot" enl="Flashy Shot" ja="フラッシーショット" jal="フラッシーショット" />
  <o id="352" en="Sange" enl="Sange" ja="散華" jal="散華" />
  <o id="353" en="Hasso" enl="Hasso" ja="八双" jal="八双" />
  <o id="354" en="Seigan" enl="Seigan" ja="星眼" jal="星眼" />
  <o id="355" en="Convergence" enl="Convergence" ja="コンバージェンス" jal="コンバージェンス" />
  <o id="356" en="Diffusion" enl="Diffusion" ja="ディフュージョン" jal="ディフュージョン" />
  <o id="357" en="Snake Eye" enl="Snake Eye" ja="スネークアイ" jal="スネークアイ" />
  <o id="358" en="Light Arts" enl="Light Arts" ja="白のグリモア" jal="白のグリモア" />
  <o id="359" en="Dark Arts" enl="Dark Arts" ja="黒のグリモア" jal="黒のグリモア" />
  <o id="360" en="Penury" enl="Penury" ja="簡素清貧の章" jal="簡素清貧の章" />
  <o id="361" en="Parsimony" enl="Parsimony" ja="勤倹小心の章" jal="勤倹小心の章" />
  <o id="362" en="Celerity" enl="Celerity" ja="電光石火の章" jal="電光石火の章" />
  <o id="363" en="Alacrity" enl="Alacrity" ja="疾風迅雷の章" jal="疾風迅雷の章" />
  <o id="364" en="Rapture" enl="Rapture" ja="意気昂然の章" jal="意気昂然の章" />
  <o id="365" en="Ebullience" enl="Ebullience" ja="気炎万丈の章" jal="気炎万丈の章" />
  <o id="366" en="Accession" enl="Accession" ja="女神降臨の章" jal="女神降臨の章" />
  <o id="367" en="Manifestation" enl="Manifestation" ja="精霊光来の章" jal="精霊光来の章" />
  <o id="368" en="Drain Samba" enl="Drain Samba" ja="ドレインサンバ" jal="ドレインサンバ" />
  <o id="369" en="Aspir Samba" enl="Aspir Samba" ja="アスピルサンバ" jal="アスピルサンバ" />
  <o id="370" en="Haste Samba" enl="Haste Samba" ja="ヘイストサンバ" jal="ヘイストサンバ" />
  <o id="371" en="Velocity Shot" enl="Velocity Shot" ja="ベロシティショット" jal="ベロシティショット" />
  <o id="375" en="Building Flourish" enl="Building Flourish" ja="B.フラリッシュ" jal="B.フラリッシュ" />
  <o id="376" en="Trance" enl="Trance" ja="トランス" jal="トランス" />
  <o id="377" en="Tabula Rasa" enl="Tabula Rasa" ja="連環計" jal="連環計" />
  <o id="378" en="Drain Daze" enl="Drain Daze" ja="ドレインデイズ" jal="ドレインデイズ" />
  <o id="379" en="Aspir Daze" enl="Aspir Daze" ja="アスピルデイズ" jal="アスピルデイズ" />
  <o id="380" en="Haste Daze" enl="Haste Daze" ja="ヘイストデイズ" jal="ヘイストデイズ" />
  <o id="381" en="Finishing Move 1" enl="Finishing Move 1" ja="フィニシングムーブ1" jal="フィニシングムーブ1" />
  <o id="382" en="Finishing Move 2" enl="Finishing Move 2" ja="フィニシングムーブ2" jal="フィニシングムーブ2" />
  <o id="383" en="Finishing Move 3" enl="Finishing Move 3" ja="フィニシングムーブ3" jal="フィニシングムーブ3" />
  <o id="384" en="Finishing Move 4" enl="Finishing Move 4" ja="フィニシングムーブ4" jal="フィニシングムーブ4" />
  <o id="385" en="Finishing Move 5" enl="Finishing Move 5" ja="フィニシングムーブ5" jal="フィニシングムーブ5" />
  <o id="386" en="Lethargic Daze 1" enl="Lethargic Daze 1" ja="クイックステップ1" jal="クイックステップ1" />
  <o id="387" en="Lethargic Daze 2" enl="Lethargic Daze 2" ja="クイックステップ2" jal="クイックステップ2" />
  <o id="388" en="Lethargic Daze 3" enl="Lethargic Daze 3" ja="クイックステップ3" jal="クイックステップ3" />
  <o id="389" en="Lethargic Daze 4" enl="Lethargic Daze 4" ja="クイックステップ4" jal="クイックステップ4" />
  <o id="390" en="Lethargic Daze 5" enl="Lethargic Daze 5" ja="クイックステップ5" jal="クイックステップ5" />
  <o id="391" en="Sluggish Daze 1" enl="Sluggish Daze 1" ja="ボックスステップ1" jal="ボックスステップ1" />
  <o id="392" en="Sluggish Daze 2" enl="Sluggish Daze 2" ja="ボックスステップ2" jal="ボックスステップ2" />
  <o id="393" en="Sluggish Daze 3" enl="Sluggish Daze 3" ja="ボックスステップ3" jal="ボックスステップ3" />
  <o id="394" en="Sluggish Daze 4" enl="Sluggish Daze 4" ja="ボックスステップ4" jal="ボックスステップ4" />
  <o id="395" en="Sluggish Daze 5" enl="Sluggish Daze 5" ja="ボックスステップ5" jal="ボックスステップ5" />
  <o id="396" en="Weakened Daze 1" enl="Weakened Daze 1" ja="スタッターステップ1" jal="スタッターステップ1" />
  <o id="397" en="Weakened Daze 2" enl="Weakened Daze 2" ja="スタッターステップ2" jal="スタッターステップ2" />
  <o id="398" en="Weakened Daze 3" enl="Weakened Daze 3" ja="スタッターステップ3" jal="スタッターステップ3" />
  <o id="399" en="Weakened Daze 4" enl="Weakened Daze 4" ja="スタッターステップ4" jal="スタッターステップ4" />
  <o id="400" en="Weakened Daze 5" enl="Weakened Daze 5" ja="スタッターステップ5" jal="スタッターステップ5" />
  <o id="401" en="Addendum: White" enl="Addendum: White" ja="白の補遺" jal="白の補遺" />
  <o id="402" en="Addendum: Black" enl="Addendum: Black" ja="黒の補遺" jal="黒の補遺" />
  <o id="403" en="Reprisal" enl="Reprisal" ja="リアクト" jal="リアクト" />
  <o id="404" en="Magic Evasion Down" enl="Magic Evasion Down" ja="魔法回避率ダウン" jal="魔法回避率ダウン" />
  <o id="405" en="Retaliation" enl="Retaliation" ja="リタリエーション" jal="リタリエーション" />
  <o id="406" en="Footwork" enl="Footwork" ja="猫足立ち" jal="猫足立ち" />
  <o id="407" en="Klimaform" enl="Klimaform" ja="虚誘掩殺の策" jal="虚誘掩殺の策" />
  <o id="408" en="Sekkanoki" enl="Sekkanoki" ja="石火之機" jal="石火之機" />
  <o id="409" en="Pianissimo" enl="Pianissimo" ja="ピアニッシモ" jal="ピアニッシモ" />
  <o id="410" en="Saber Dance" enl="Saber Dance" ja="剣の舞い" jal="剣の舞い" />
  <o id="411" en="Fan Dance" enl="Fan Dance" ja="扇の舞い" jal="扇の舞い" />
  <o id="412" en="Altruism" enl="Altruism" ja="不惜身命の章" jal="不惜身命の章" />
  <o id="413" en="Focalization" enl="Focalization" ja="一心精進の章" jal="一心精進の章" />
  <o id="414" en="Tranquility" enl="Tranquility" ja="天衣無縫の章" jal="天衣無縫の章" />
  <o id="415" en="Equanimity" enl="Equanimity" ja="無憂無風の章" jal="無憂無風の章" />
  <o id="416" en="Enlightenment" enl="Enlightenment" ja="大悟徹底" jal="大悟徹底" />
  <o id="417" en="Afflatus Solace" enl="Afflatus Solace" ja="ハートオブソラス" jal="ハートオブソラス" />
  <o id="418" en="Afflatus Misery" enl="Afflatus Misery" ja="ハートオブミゼリ" jal="ハートオブミゼリ" />
  <o id="419" en="Composure" enl="Composure" ja="コンポージャー" jal="コンポージャー" />
  <o id="420" en="Yonin" enl="Yonin" ja="陽忍" jal="陽忍" />
  <o id="421" en="Innin" enl="Innin" ja="陰忍" jal="陰忍" />
  <o id="422" en="Carbuncle's Favor" enl="Carbuncle's Favor" ja="カーバンクルの加護" jal="カーバンクルの加護" />
  <o id="423" en="Ifrit's Favor" enl="Ifrit's Favor" ja="イフリートの加護" jal="イフリートの加護" />
  <o id="424" en="Shiva's Favor" enl="Shiva's Favor" ja="シヴァの加護" jal="シヴァの加護" />
  <o id="425" en="Garuda's Favor" enl="Garuda's Favor" ja="ガルーダの加護" jal="ガルーダの加護" />
  <o id="426" en="Titan's Favor" enl="Titan's Favor" ja="タイタンの加護" jal="タイタンの加護" />
  <o id="427" en="Ramuh's Favor" enl="Ramuh's Favor" ja="ラムウの加護" jal="ラムウの加護" />
  <o id="428" en="Leviathan's Favor" enl="Leviathan's Favor" ja="リヴァイアサンの加護" jal="リヴァイアサンの加護" />
  <o id="429" en="Fenrir's Favor" enl="Fenrir's Favor" ja="フェンリルの加護" jal="フェンリルの加護" />
  <o id="430" en="Diabolos's Favor" enl="Diabolos's Favor" ja="ディアボロスの加護" jal="ディアボロスの加護" />
  <o id="431" en="Avatar's Favor" enl="Avatar's Favor" ja="神獣の加護" jal="神獣の加護" />
  <o id="432" en="Multi Strikes" enl="Multi Strikes" ja="マルチアタック" jal="マルチアタック" />
  <o id="433" en="Double Shot" enl="Double Shot" ja="ダブルショット" jal="ダブルショット" />
  <o id="434" en="Transcendency" enl="Transcendency" ja="天神地祇" jal="天神地祇" />
  <o id="435" en="Restraint" enl="Restraint" ja="リストレント" jal="リストレント" />
  <o id="436" en="Perfect Counter" enl="Perfect Counter" ja="絶対カウンター" jal="絶対カウンター" />
  <o id="437" en="Mana Wall" enl="Mana Wall" ja="マナウォール" jal="マナウォール" />
  <o id="438" en="Divine Emblem" enl="Divine Emblem" ja="神聖の印" jal="神聖の印" />
  <o id="439" en="Nether Void" enl="Nether Void" ja="ネザーヴォイド" jal="ネザーヴォイド" />
  <o id="440" en="Sengikori" enl="Sengikori" ja="先義後利" jal="先義後利" />
  <o id="441" en="Futae" enl="Futae" ja="二重" jal="二重" />
  <o id="442" en="Presto" enl="Presto" ja="プレスト" jal="プレスト" />
  <o id="443" en="Climactic Flourish" enl="Climactic Flourish" ja="C.フラリッシュ" jal="C.フラリッシュ" />
  <o id="444" en="Copy Image (2)" enl="Copy Image (2)" ja="分身(2)" jal="分身(2)" />
  <o id="445" en="Copy Image (3)" enl="Copy Image (3)" ja="分身(3)" jal="分身(3)" />
  <o id="446" en="Copy Image (4+)" enl="Copy Image (4+)" ja="分身(4+)" jal="分身(4+)" />
  <o id="447" en="Multi Shots" enl="Multi Shots" ja="マルチショット" jal="マルチショット" />
  <o id="448" en="Bewildered Daze 1" enl="Bewildered Daze 1" ja="フェザーステップ1" jal="フェザーステップ1" />
  <o id="449" en="Bewildered Daze 2" enl="Bewildered Daze 2" ja="フェザーステップ2" jal="フェザーステップ2" />
  <o id="450" en="Bewildered Daze 3" enl="Bewildered Daze 3" ja="フェザーステップ3" jal="フェザーステップ3" />
  <o id="451" en="Bewildered Daze 4" enl="Bewildered Daze 4" ja="フェザーステップ4" jal="フェザーステップ4" />
  <o id="452" en="Bewildered Daze 5" enl="Bewildered Daze 5" ja="フェザーステップ5" jal="フェザーステップ5" />
  <o id="453" en="Divine Caress" enl="Divine Caress" ja="女神の愛撫" jal="女神の愛撫" />
  <o id="454" en="Saboteur" enl="Saboteur" ja="サボトゥール" jal="サボトゥール" />
  <o id="455" en="Tenuto" enl="Tenuto" ja="テヌート" jal="テヌート" />
  <o id="456" en="Spur" enl="Spur" ja="気張れ" jal="気張れ" />
  <o id="457" en="Efflux" enl="Efflux" ja="エフラックス" jal="エフラックス" />
  <o id="458" en="Earthen Armor" enl="Earthen Armor" ja="大地の鎧" jal="大地の鎧" />
  <o id="459" en="Divine Caress" enl="Divine Caress" ja="女神の愛撫" jal="女神の愛撫" />
  <o id="460" en="Blood Rage" enl="Blood Rage" ja="ブラッドレイジ" jal="ブラッドレイジ" />
  <o id="461" en="Impetus" enl="Impetus" ja="インピタス" jal="インピタス" />
  <o id="462" en="Conspirator" enl="Conspirator" ja="コンスピレーター" jal="コンスピレーター" />
  <o id="463" en="Sepulcher" enl="Sepulcher" ja="セプルカー" jal="セプルカー" />
  <o id="464" en="Arcane Crest" enl="Arcane Crest" ja="アルケインクレスト" jal="アルケインクレスト" />
  <o id="465" en="Hamanoha" enl="Hamanoha" ja="破魔の刃" jal="破魔の刃" />
  <o id="466" en="Dragon Breaker" enl="Dragon Breaker" ja="ドラゴンブレイカー" jal="ドラゴンブレイカー" />
  <o id="467" en="Triple Shot" enl="Triple Shot" ja="トリプルショット" jal="トリプルショット" />
  <o id="468" en="Striking Flourish" enl="Striking Flourish" ja="S.フラリッシュ" jal="S.フラリッシュ" />
  <o id="469" en="Perpetuance" enl="Perpetuance" ja="令狸執鼠の章" jal="令狸執鼠の章" />
  <o id="470" en="Immanence" enl="Immanence" ja="震天動地の章" jal="震天動地の章" />
  <o id="471" en="Migawari" enl="Migawari" ja="身替" jal="身替" />
  <o id="472" en="Ternary Flourish" enl="Ternary Flourish" ja="T.フラリッシュ" jal="T.フラリッシュ" />
  <o id="473" en="muddle" enl="muddled" ja="アイテム使用不可" jal="アイテム使用不可" />
  <o id="474" en="Prowess" enl="Prowess" ja="一時技能" jal="一時技能" />
  <o id="475" en="Voidwatcher" enl="Voidwatcher" ja="ヴォイドウォッチャー" jal="ヴォイドウォッチャー" />
  <o id="476" en="Ensphere" enl="Ensphere" ja="インスフィア" jal="インスフィア" />
  <o id="477" en="Sacrosanctity" enl="Sacrosanctity" ja="女神の聖域" jal="女神の聖域" />
  <o id="478" en="Palisade" enl="Palisade" ja="パリセード" jal="パリセード" />
  <o id="479" en="Scarlet Delirium" enl="Scarlet Delirium" ja="レッドデリリアム" jal="レッドデリリアム" />
  <o id="480" en="Scarlet Delirium" enl="Scarlet Delirium" ja="レッドデリリアム" jal="レッドデリリアム" />
  <o id="481" en="Abdhaljs Seal" enl="Abdhaljs Seal" ja="アブダルスの焼印" jal="アブダルスの焼印" />
  <o id="482" en="Decoy Shot" enl="Decoy Shot" ja="デコイショット" jal="デコイショット" />
  <o id="483" en="Hagakure" enl="Hagakure" ja="葉隠" jal="葉隠" />
  <o id="484" en="Issekigan" enl="Issekigan" ja="一隻眼" jal="一隻眼" />
  <o id="485" en="Unbridled Learning" enl="Unbridled Learning" ja="ノートリアスナレッジ" jal="ノートリアスナレッジ" />
  <o id="486" en="Counter Boost" enl="Counter Boost" ja="カウンターアップ" jal="カウンターアップ" />
  <o id="487" en="Endrain" enl="Endrain" ja="エンドレイン" jal="エンドレイン" />
  <o id="488" en="Enaspir" enl="Enaspir" ja="エンアスピル" jal="エンアスピル" />
  <o id="489" en="Afterglow" enl="Afterglow" ja="アフターグロウ" jal="アフターグロウ" />
  <o id="490" en="Brazen Rush" enl="Brazen Rush" ja="ブラーゼンラッシュ" jal="ブラーゼンラッシュ" />
  <o id="491" en="Inner Strength" enl="Inner Strength" ja="インナーストレングス" jal="インナーストレングス" />
  <o id="492" en="Asylum" enl="Asylum" ja="女神の羽衣" jal="女神の羽衣" />
  <o id="493" en="Subtle Sorcery" enl="Subtle Sorcery" ja="サテルソーサリー" jal="サテルソーサリー" />
  <o id="494" en="Stymie" enl="Stymie" ja="スタイミー" jal="スタイミー" />
  <o id="496" en="Intervene" enl="Intervene" ja="インターヴィーン" jal="インターヴィーン" />
  <o id="497" en="Soul Enslavement" enl="Soul Enslavement" ja="ソールエンスレーヴ" jal="ソールエンスレーヴ" />
  <o id="498" en="Unleash" enl="Unleash" ja="アンリーシュ" jal="アンリーシュ" />
  <o id="499" en="Clarion Call" enl="Clarion Call" ja="クラリオンコール" jal="クラリオンコール" />
  <o id="500" en="Overkill" enl="Overkill" ja="オーバーキル" jal="オーバーキル" />
  <o id="501" en="Yaegasumi" enl="Yaegasumi" ja="八重霞" jal="八重霞" />
  <o id="502" en="Mikage" enl="Mikage" ja="身影" jal="身影" />
  <o id="503" en="Fly High" enl="Fly High" ja="フライハイ" jal="フライハイ" />
  <o id="504" en="Astral Conduit" enl="Astral Conduit" ja="アストラルパッセージ" jal="アストラルパッセージ" />
  <o id="505" en="Unbridled Wisdom" enl="Unbridled Wisdom" ja="N.ウィズドム" jal="N.ウィズドム" />
  <o id="507" en="Grand Pas" enl="Grand Pas" ja="グランドパー" jal="グランドパー" />
  <o id="508" en="Widened Compass" enl="Widened Compass" ja="ワイデンコンパス" jal="ワイデンコンパス" />
  <o id="509" en="Odyllic Subterfuge" enl="Odyllic Subterfuge" ja="オディリックサブタ" jal="オディリックサブタ" />
  <o id="510" en="Ergon Might" enl="Ergon Might" ja="エルゴンパワー" jal="エルゴンパワー" />
  <o id="511" en="Reive Mark" enl="Reive Mark" ja="レイヴシンボル" jal="レイヴシンボル" />
  <o id="512" en="Ionis" enl="Ionis" ja="イオニス" jal="イオニス" />
  <o id="513" en="Bolster" enl="bolstered" ja="ボルスター" jal="ボルスター" />
  <o id="515" en="Lasting Emanation" enl="Lasting Emanation" ja="エンデュアエマネイト" jal="エンデュアエマネイト" />
  <o id="516" en="Ecliptic Attrition" enl="Ecliptic Attrition" ja="サークルエンリッチ" jal="サークルエンリッチ" />
  <o id="517" en="Collimated Fervor" enl="Collimated Fervor" ja="コリメイトファーバー" jal="コリメイトファーバー" />
  <o id="518" en="Dematerialize" enl="Dematerialize" ja="デマテリアライズ" jal="デマテリアライズ" />
  <o id="519" en="Theurgic Focus" enl="Theurgic Focus" ja="タウマテルギフォカス" jal="タウマテルギフォカス" />
  <o id="522" en="Elemental Sforzo" enl="Elemental Sforzo" ja="E.スフォルツォ" jal="E.スフォルツォ" />
  <o id="523" en="Ignis" enl="Ignis" ja="イグニス" jal="イグニス" />
  <o id="524" en="Gelus" enl="Gelus" ja="ゲールス" jal="ゲールス" />
  <o id="525" en="Flabra" enl="Flabra" ja="フラブラ" jal="フラブラ" />
  <o id="526" en="Tellus" enl="Tellus" ja="テッルス" jal="テッルス" />
  <o id="527" en="Sulpor" enl="Sulpor" ja="スルポール" jal="スルポール" />
  <o id="528" en="Unda" enl="Unda" ja="ウンダ" jal="ウンダ" />
  <o id="529" en="Lux" enl="Lux" ja="ルックス" jal="ルックス" />
  <o id="530" en="Tenebrae" enl="Tenebrae" ja="テネブレイ" jal="テネブレイ" />
  <o id="531" en="Vallation" enl="Vallation" ja="ヴァレション" jal="ヴァレション" />
  <o id="532" en="Swordplay" enl="Swordplay" ja="ソードプレイ" jal="ソードプレイ" />
  <o id="533" en="Pflug" enl="Pflug" ja="フルーグ" jal="フルーグ" />
  <o id="534" en="Embolden" enl="emboldened" ja="エンボルド" jal="エンボルド" />
  <o id="535" en="Valiance" enl="Valiance" ja="ヴァリエンス" jal="ヴァリエンス" />
  <o id="536" en="Gambit" enl="Gambit" ja="ガンビット" jal="ガンビット" />
  <o id="537" en="Liement" enl="Liement" ja="リエモン" jal="リエモン" />
  <o id="538" en="One for All" enl="One for All" ja="ワンフォアオール" jal="ワンフォアオール" />
  <o id="539" en="Regen" enl="regenerating" ja="リジェネ" jal="リジェネ" />
  <o id="540" en="poison" enl="poisoned" ja="ポイズン" jal="ポイズン" />
  <o id="541" en="Refresh" enl="refreshing" ja="リフレシュ" jal="リフレシュ" />
  <o id="542" en="STR Boost" enl="STR-boosted" ja="STRアップ" jal="STRアップ" />
  <o id="543" en="DEX Boost" enl="DEX-boosted" ja="DEXアップ" jal="DEXアップ" />
  <o id="544" en="VIT Boost" enl="VIT-boosted" ja="VITアップ" jal="VITアップ" />
  <o id="545" en="AGI Boost" enl="AGI-boosted" ja="AGIアップ" jal="AGIアップ" />
  <o id="546" en="INT Boost" enl="INT-boosted" ja="INTアップ" jal="INTアップ" />
  <o id="547" en="MND Boost" enl="MND-boosted" ja="MNDアップ" jal="MNDアップ" />
  <o id="548" en="CHR Boost" enl="CHR-boosted" ja="CHRアップ" jal="CHRアップ" />
  <o id="549" en="Attack Boost" enl="attack-boosted" ja="攻撃力アップ" jal="攻撃力アップ" />
  <o id="550" en="Defense Boost" enl="defense-boosted" ja="防御力アップ" jal="防御力アップ" />
  <o id="551" en="Magic Atk. Boost" enl="Magic Atk. Boost" ja="魔法攻撃力アップ" jal="魔法攻撃力アップ" />
  <o id="552" en="Magic Def. Boost" enl="Magic Def. Boost" ja="魔法防御力アップ" jal="魔法防御力アップ" />
  <o id="553" en="Accuracy Boost" enl="accuracy-boosted" ja="命中率アップ" jal="命中率アップ" />
  <o id="554" en="Evasion Boost" enl="evasion-boosted" ja="回避率アップ" jal="回避率アップ" />
  <o id="555" en="Magic Acc. Boost" enl="Magic Acc. Boost" ja="魔法命中率アップ" jal="魔法命中率アップ" />
  <o id="556" en="Magic Evasion Boost" enl="Magic Evasion Boost" ja="魔法回避率アップ" jal="魔法回避率アップ" />
  <o id="557" en="Attack Down" enl="afflicted with Attack Down" ja="攻撃力ダウン" jal="攻撃力ダウン" />
  <o id="558" en="Defense Down" enl="afflicted with Defense Down" ja="防御力ダウン" jal="防御力ダウン" />
  <o id="559" en="Magic Atk. Down" enl="afflicted with Magic Atk. Down" ja="魔法攻撃力ダウン" jal="魔法攻撃力ダウン" />
  <o id="560" en="Magic Def. Down" enl="afflicted with Magic Adef. Down" ja="魔法防御力ダウン" jal="魔法防御力ダウン" />
  <o id="561" en="Accuracy Down" enl="afflicted with Accuracy Down" ja="命中率ダウン" jal="命中率ダウン" />
  <o id="562" en="Evasion Down" enl="afflicted with Evasion Down" ja="回避率ダウン" jal="回避率ダウン" />
  <o id="563" en="Magic Acc. Down" enl="afflicted with Magic Acc. Down" ja="魔法命中率ダウン" jal="魔法命中率ダウン" />
  <o id="564" en="Magic Evasion Down" enl="afflicted with Magic Evasion Down" ja="魔法回避率ダウン" jal="魔法回避率ダウン" />
  <o id="565" en="slow" enl="slowed" ja="スロウ" jal="スロウ" />
  <o id="566" en="paralysis" enl="paralyzed" ja="麻痺" jal="麻痺" />
  <o id="567" en="weight" enl="weighed down" ja="ヘヴィ" jal="ヘヴィ" />
  <o id="568" en="Foil" enl="Foil" ja="特殊攻撃回避率アップ" jal="特殊攻撃回避率アップ" />
  <o id="569" en="Blaze of Glory" enl="Blaze of Glory" ja="グローリーブレイズ" jal="グローリーブレイズ" />
  <o id="570" en="Battuta" enl="Battuta" ja="バットゥタ" jal="バットゥタ" />
  <o id="571" en="Rayke" enl="Rayke" ja="レイク" jal="レイク" />
  <o id="572" en="Avoidance Down" enl="afflicted with Avoidance Down" ja="回避能力ダウン" jal="回避能力ダウン" />
  <o id="573" en="Deluge Spikes" enl="Deluge Spikes" ja="アクアスパイク" jal="アクアスパイク" />
  <o id="574" en="Fast Cast" enl="Fast Cast" ja="ファストキャスト" jal="ファストキャスト" />
  <o id="575" en="gestation" enl="gestating" ja="出現準備期間" jal="出現準備期間" />
  <o id="576" en="Doubt" enl="afflicted with Doubt" ja="減退中" jal="減退中" />
  <o id="577" en="Cait Sith's Favor" enl="Cait Sith's Favor" ja="ケット・シーの加護" jal="ケット・シーの加護" />
  <o id="578" en="Fishy Intuition" enl="Fishy Intuition" ja="釣り師のセンス" jal="釣り師のセンス" />
  <o id="579" en="Commitment" enl="Commitment" ja="一心" jal="一心" />
  <o id="580" en="Haste" enl="hastened" ja="ヘイスト" jal="ヘイスト" />
  <o id="581" en="Flurry" enl="Flurry" ja="スナップ" jal="スナップ" />
  <o id="582" en="Contradance" enl="Contradance" ja="コントラダンス" jal="コントラダンス" />
  <o id="583" en="Apogee" enl="Apogee" ja="アポジー" jal="アポジー" />
  <o id="584" en="Entrust" enl="entrusting" ja="エントラスト" jal="エントラスト" />
  <o id="585" en="Costume" enl="costumed" ja="コスチューム" jal="コスチューム" />
  <o id="586" en="Curing Conduit" enl="Curing Conduit" ja="被ケアル回復量アップ" jal="被ケアル回復量アップ" />
  <o id="587" en="TP Bonus" enl="TP Bonus" ja="TPボーナスアップ" jal="TPボーナスアップ" />
  <o id="588" en="Finishing Move (6+)" enl="Finishing Move (6+)" ja="フィニシングムーブ(5+)" jal="フィニシングムーブ(5+)" />
  <o id="589" en="Firestorm" enl="Firestorm" ja="熱波の陣II" jal="熱波の陣II" />
  <o id="590" en="Hailstorm" enl="Hailstorm" ja="吹雪の陣II" jal="吹雪の陣II" />
  <o id="591" en="Windstorm" enl="Windstorm" ja="烈風の陣II" jal="烈風の陣II" />
  <o id="592" en="Sandstorm" enl="Sandstorm" ja="砂塵の陣II" jal="砂塵の陣II" />
  <o id="593" en="Thunderstorm" enl="Thunderstorm" ja="疾雷の陣II" jal="疾雷の陣II" />
  <o id="594" en="Rainstorm" enl="Rainstorm" ja="豪雨の陣II" jal="豪雨の陣II" />
  <o id="595" en="Aurorastorm" enl="Aurorastorm" ja="極光の陣II" jal="極光の陣II" />
  <o id="596" en="Voidstorm" enl="Voidstorm" ja="妖霧の陣II" jal="妖霧の陣II" />
  <o id="597" en="Inundation" enl="innundated" ja="イナンデーション" jal="イナンデーション" />
  <o id="598" en="Cascade" enl="Cascade" ja="カスケード" jal="カスケード" />
  <o id="599" en="Consume Mana" enl="Consume Mana" ja="コンスームマナ" jal="コンスームマナ" />
  <o id="600" en="Runeist's Roll" enl="Runeist's Roll" ja="ルーニストロール" jal="ルーニストロール" />
  <o id="601" en="Crooked Cards" enl="Crooked Cards" ja="クルケッドカード" jal="クルケッドカード" />
  <o id="602" en="Vorseal" enl="Vorseal" ja="神符" jal="神符" />
  <o id="603" en="Elvorseal" enl="Elvorseal" ja="祈祷神符" jal="祈祷神符" />
  <o id="604" en="Mighty Guard" enl="mightly guarded" ja="マイティガード" jal="マイティガード" />
  <o id="605" en="Gale Spikes" enl="Gale Spikes" ja="ゲイルスパイク" jal="ゲイルスパイク" />
  <o id="606" en="Clod Spikes" enl="Clod Spikes" ja="クロッドスパイク" jal="クロッドスパイク" />
  <o id="607" en="Glint Spikes" enl="Glint Spikes" ja="グリントスパイク" jal="グリントスパイク" />
  <o id="608" en="Negate Virus" enl="Negate Virus" ja="ネゲートウィルス" jal="ネゲートウィルス" />
  <o id="609" en="Negate Curse" enl="Negate Curse" ja="ネゲートカーズ" jal="ネゲートカーズ" />
  <o id="610" en="Negate Charm" enl="Negate Charm" ja="ネゲートチャーム" jal="ネゲートチャーム" />
  <o id="611" en="Magic Evasion Boost" enl="Magic Evasion Boost" ja="魔法回避率アップ" jal="魔法回避率アップ" />
  <o id="612" en="Colure Active" enl="Colure Active" ja="コルア展開" jal="コルア展開" />
  <o id="613" en="Mumor's Radiance" enl="Mumor's Radiance" ja="ミュモルの光" jal="ミュモルの光" />
  <o id="614" en="Ullegore's Gloom" enl="Ullegore's Gloom" ja="ウルゴアの闇" jal="ウルゴアの闇" />
  <o id="615" en="Boost" enl="Boost" ja="ためる" jal="ためる" />
  <o id="616" en="Artisanal Knowledge" enl="Artisanal Knowledge" ja="芸術家肌" jal="芸術家肌" />
  <o id="617" en="Sacrifice" enl="Sacrifice" ja="サクリファイス" jal="サクリファイス" />
  <o id="618" en="Emporox's Gift" enl="Emporox's Gift" ja="エンポロックスのツボ" jal="エンポロックスのツボ" />
  <o id="619" en="Spirit Bond" enl="Spirit Bond" ja="スピリットボンド" jal="スピリットボンド" />
  <o id="620" en="Awaken" enl="awakened" ja="覚醒" jal="覚醒" />
  <o id="621" en="Majesty" enl="Majesty" ja="マジェスティ" jal="マジェスティ" />
  <o id="622" en="Guarding Rate Boost" enl="Guarding Rate Boost" ja="ガード率アップ" jal="ガード率アップ" />
  <o id="623" en="Rampart" enl="Rampart" ja="ランパート" jal="ランパート" />
  <o id="624" en="Wind's Blessing" enl="Wind's Blessing" ja="風の守り" jal="風の守り" />
  <o id="625" en="Siren's Favor" enl="Siren's Favor" ja="セイレーンの加護" jal="セイレーンの加護" />
</buffs>